h_ref_cm,N_counts_mean
0.0,50768.582278481015
1.0,32689.762376237624
1.5,28995.145833333332
2.0,27242.859375
2.5,24968.970588235294
3.0,23926.918032786885
3.5,22338.022222222222
4.0,21137.7
4.5,19856.785714285714
5.0,18912.82608695652
5.5,17814.885714285716
6.0,16936.347826086956
6.5,16444.5
7.0,15719.235294117647
7.5,14978.0
8.0,14396.0
8.5,13766.285714285714
9.0,13148.433333333332
9.5,12509.545454545454
10.0,12270.363636363636
