h_ref_cm,bits_eq_mean
0.0,15.62924050632912
1.0,14.996534653465348
1.5,14.821875
2.0,14.731093750000003
2.5,14.60985294117647
3.0,14.54819672131147
3.5,14.448444444444451
4.0,14.3688
4.5,14.279285714285708
5.0,14.209130434782606
5.5,14.12
6.0,14.049130434782612
6.5,14.00642857142857
7.0,13.94
7.5,13.87
8.0,13.81
8.5,
9.0,13.681000000000003
9.5,13.61060606060606
10.0,13.580000000000002
